section,username,label
staff,kakasoo,kakasoo
staff,8471919,micheal
staff,luke0408,luke0408
staff,emily-uiux,emily
staff,sunrabbit123,sunrabbit123
staff,bkdragon0228,bkdragon0228
staff,ltnscp9028,ltnscp9028
staff,yooseungmo,blanc
participants,kakasoo,kakasoo
participants,8471919,8471919
participants,Yu-Jaeyoung,Yu-Jaeyoung
participants,MoonDongmin,MoonDongmin
participants,dc-choi,dc-choi
participants,LimMinKyo,LimMinKyo
participants,iamkanguk97,iamkanguk97
participants,chobkyu,chobkyu
participants,drakejin,drakejin
participants,mag123c,mag123c
participants,Hyunstone,Hyunstone
participants,morpheus1991,morpheus1991
participants,yeophs,yeophs
participants,juhui-jeong,juhui-jeong
participants,Myungsub0519,Myungsub0519
participants,funfungun,funfungun
participants,kukjun,kukjun
participants,heozeop,heozeop
participants,windofwind,windofwind
participants,Deb-neal,Deb-neal
participants,Brazen-Story,Brazen-Story
participants,monam2,monam2
participants,kilhyeonjun,kilhyeonjun
participants,anonymousRecords,anonymousRecords
participants,SJY0917032,SJY0917032
participants,samchon,samchon
participants,ltnscp9028,ltnscp9028
participants,rimo030,rimo030
participants,jindragonn,jindragonn
participants,Lujaec,Lujaec
participants,jochongs,jochongs
participants,jjikky,jjikky
participants,echo26,echo26
participants,jh8459,jh8459
participants,dong-jun-shin,dong-jun-shin
participants,KimH4nKyul,KimH4nKyul
participants,itstimi-XD,itstimi-XD
participants,Ssuhyeong,Ssuhyeong
participants,soonba,soonba
participants,SuperBallista,SuperBallista
participants,verycosy,verycosy
participants,dokdo2013,dokdo2013
participants,dongseonyoo,dongseonyoo
participants,realbig4199,realbig4199
participants,Hyeongyu-619,Hyeongyu-619
participants,smileleft,smileleft
participants,do-not-do-that,do-not-do-that
participants,hyeb-in,hyeb-in
participants,anxi0,anxi0
participants,JongDeug,JongDeug
participants,Youn-Young-Seon,Youn-Young-Seon
participants,hwibaski,hwibaski
participants,JaeMyeongSon,JaeMyeongSon
participants,hakyoung0926,hakyoung0926
participants,stae1102,stae1102
participants,seungwanHam,seungwanHam
participants,NARUBROWN,NARUBROWN
participants,OvCO4,OvCO4
participants,GGAANGTONG,GGAANGTONG
participants,kanade012,kanade012
participants,yeongin-ji,yeongin-ji
participants,rlj1202,rlj1202
participants,bunzzeok,bunzzeok
participants,wonjun3991,wonjun3991
participants,kin9jon9,kin9jon9
participants,changchanghwang,changchanghwang
participants,shinseongsu,shinseongsu
participants,smilebank7,smilebank7
participants,totschka,totschka
participants,startdata,startdata
participants,daseul22,daseul22
participants,sungchuni,sungchuni
participants,wanderer-s,wanderer-s
participants,BinskLee,BinskLee
participants,SIKU-KR,SIKU-KR
participants,daeho220,daeho220
participants,clockk,clockk
participants,CarefreeLife98,carefreelife98
participants,outsung,outsung
participants,BearMett,BearMett
participants,EHyang,EHyang
participants,kwon-hm,kwon-hm
participants,hsnyus-09,hsnyus-09
participants,ys0v9,ys0v9
participants,mjy9088,Juyeong Maing
